{
  "timestamp": "2026-03-30 16:17:31.919900",
      "regression": {
    "Ridge (a=1.0)_Rich": {"r2_mean": 0.9656030988561142, "r2_std": 0.001715226982957577},
          "Random Forest_Rich": {"r2_mean": 0.9792744448671835, "r2_std": 0.0013367243882158324},
          "SVR-RBF_Rich": {"r2_mean": 0.9926950251961191, "r2_std": 0.0020233882822476524},
          "Ridge (a=1.0)_Minimal": {"r2_mean": 0.9628626002199827, "r2_std": 0.0017591816694538947},
          "Random Forest_Minimal": {"r2_mean": 0.9601606330731285, "r2_std": 0.001052046609328854},
          "SVR-RBF_Minimal": {"r2_mean": 0.9951008662902595, "r2_std": 0.0012674349817552181}
                                   },
  "classification": {"n_pairs": 200}
                                   }
