{
  "experiment": "Physics-Informed Classical Baseline",
  "dataset": {
    "source": "Oliveira et al. 2020",
    "n_sequences": 64,
    "scaffold_top": "5'-CGACGTGC[NNN]ATGTGCTG-3'",
    "tm_range_C": [
      60.7,
      69.3
    ]
  },
  "classical_results": {
    "Total \u0394G\u00b0 only (1-d)": {
      "R2_loo": 0.840600458048383,
      "r": 0.9168573712228127,
      "p": 2.0664930598218712e-26,
      "MAE": 0.7402299093936503,
      "alpha": 1.0,
      "predictions": [
        70.12233435735489,
        69.8275646077645,
        69.85080866281241,
        69.87405271786032,
        67.06333751380048,
        67.06333751380048,
        67.0807430738022,
        66.7998271456867,
        67.80438264813858,
        65.8680625671756,
        68.55591022839059,
        65.39993176396048,
        65.8023203145304,
        65.8042210414319,
        65.12292677834265,
        65.40161526184404,
        67.61148550534155,
        65.60461181600887,
        65.88371796710355,
        65.88763181708553,
        65.37567695936082,
        67.8731724030083,
        65.1293517864386,
        65.5341186632105,
        65.13095803846262,
        65.37902089933448,
        65.13256429048661,
        65.13417054251062,
        65.13898929858259,
        65.90328721701349,
        65.62592907192645,
        63.839700464721304,
        63.9202547674415,
        64.53061942511694,
        64.25399323542658,
        64.33182386093041,
        64.64424088792613,
        63.84986929186283,
        63.84986929186283,
        63.85393682271943,
        63.85393682271943,
        63.699451124611215,
        64.10920910559848,
        63.862071884432666,
        63.9439152417555,
        64.11476410258362,
        62.93867851710928,
        63.428647205870234,
        63.350083066607894,
        62.95744423737216,
        63.44346041507441,
        64.35768806358719,
        63.36801976184308,
        63.4508670196765,
        62.99184323796244,
        63.465680228880686,
        62.16425204313379,
        62.09438329963207,
        61.240434120817916,
        62.19248966582218,
        62.2160210180625,
        63.50024438369043,
        62.11881381363497,
        62.12369991643556
      ]
    },
    "Per-step \u0394G\u00b0 (18-d)": {
      "R2_loo": 0.8755889804584117,
      "r": 0.9359180885833748,
      "p": 8.592009742598416e-30,
      "MAE": 0.6456435781632488,
      "alpha": 1.0,
      "predictions": [
        69.82522591762284,
        69.47644960336025,
        70.01933708062137,
        70.07551702659813,
        67.0847434611012,
        67.08208128976092,
        67.44701829678905,
        67.14834491092611,
        67.28875966260843,
        66.74053325529924,
        68.25407906625055,
        65.176619028989,
        65.93719351154951,
        65.60052680056835,
        65.59071107650799,
        66.1359201254415,
        66.68513804026931,
        66.23232745439766,
        66.82513748808901,
        66.55635508630657,
        64.4678693537298,
        67.85369230664399,
        65.25131488661573,
        65.40883012666576,
        65.19489199975868,
        64.80402896227027,
        65.60796535071998,
        65.8787426378667,
        65.0241259652037,
        65.8120268025035,
        65.8714366788692,
        64.01827489328014,
        64.5295102494636,
        65.0001350483573,
        64.43088468918133,
        64.86986810302206,
        63.99131472517999,
        64.30939098338955,
        63.510130614919426,
        63.52554388311456,
        63.71523383361703,
        63.56856877697686,
        64.72447749185656,
        64.25055512278982,
        64.31499382158181,
        63.97470222930256,
        63.34609289945632,
        64.00796734243126,
        63.74841229253088,
        62.075472612499205,
        63.08991480495506,
        64.1224373662706,
        63.03075120296546,
        62.68077516422086,
        63.06574721021066,
        62.5513095629413,
        62.44958181840662,
        62.20398914143419,
        60.77928306318972,
        61.72835207993804,
        61.76438990523888,
        62.81967025897664,
        62.275065923329066,
        61.500012448299174
      ]
    },
    "Variable-region features (17-d)": {
      "R2_loo": 0.935261098002449,
      "r": 0.9675894634110289,
      "p": 9.142878206272188e-39,
      "MAE": 0.42841307280729246,
      "alpha": 10.0,
      "predictions": [
        69.00268943231417,
        69.08468154582607,
        69.31698026376105,
        69.13605855405731,
        68.12639966834284,
        67.67298748021263,
        68.37485051057736,
        67.71914041667517,
        66.80506501154173,
        66.57640437795234,
        67.0689690778937,
        65.57944653239946,
        66.31072577505965,
        66.1799078429902,
        66.18337087019759,
        66.45999193196332,
        65.87526667433417,
        66.44332537185934,
        66.44818503372736,
        66.42416295744042,
        65.14416356015336,
        66.71241290876677,
        65.6224095230155,
        65.71338958619758,
        65.54789636246272,
        65.32913998907046,
        65.97616286518479,
        66.05375003563273,
        66.10327954763405,
        65.5597711386407,
        65.54538316526245,
        63.97159756638859,
        63.61677637357529,
        64.69191858395556,
        64.44850151098778,
        64.13062165051149,
        64.72639006711668,
        64.11499060212691,
        64.05227770500997,
        63.66140817811617,
        63.62510255261968,
        63.555060663493514,
        64.38972984166263,
        64.0091304006002,
        63.769109534298444,
        63.5260775699444,
        64.08359621216087,
        64.3299508874685,
        63.94025754816094,
        62.60275807760123,
        63.469505001720556,
        63.62970801868321,
        63.1485465349908,
        62.804038591604204,
        62.16685314336444,
        63.37364703245684,
        61.64598879113768,
        62.34977410696616,
        61.16384626739369,
        61.13934252683495,
        60.922073928093084,
        62.75989182592411,
        62.197285695476495,
        61.298365668052384
      ]
    },
    "Rich physics (41-d)": {
      "R2_loo": 0.9293265044592408,
      "r": 0.9640555135987983,
      "p": 2.14656656684004e-37,
      "MAE": 0.4584741438220128,
      "alpha": 1.0,