{
  "experiment": "1A_parallel",
  "n_sequences": 65536,
  "n_features": 47,
  "r2_full": 0.867812097545472,
  "mae": 0.6264383672797909,
  "rmse": 0.7665258330365868,
  "cv_r2_mean": 0.7641020158718808,
  "cv_r2_std": 0.055127368099811974,
  "dg_min": -19.209999999999997,
  "dg_max": -3.65,
  "n_workers": 64,
  "use_gpu": false,
  "success": false
}