{
  "full": {
    "r2_mean": 0.813143397380407,
    "r2_std": 0.03072002098429584,
    "rank": 4
  },
  "no_wc": {
    "r2_mean": 0.8217419600386539,
    "r2_std": 0.022435144838489775,
    "rank": 3
  },
  "no_stacking": {
    "r2_mean": 0.8324675199598467,
    "r2_std": 0.02468221145756475,
    "rank": 2
  },
  "random": {
    "r2_mean": -0.14696291097396913,
    "r2_std": 0.04766208507446702,
    "rank": 5
  },
  "classical": {
    "r2_mean": 0.8344696851246702,
    "r2_std": 0.02334139375474599,
    "rank": 1
  },
  "expected_ordering_holds": false,
  "n_valid": 500,
  "n_sequences": 500,
  "circuit_version": "v2_ry_cx_ry"
}