{
  "experiment": "1D_12mer",
  "seq_len": 12,
  "n_qubits": 24,
  "n_seqs": 20,
  "n_shots": 4096,
  "n_shots_sv": 8192,
  "base_features": 69,
  "backend": "ibm_fez",
  "circuit_version": "v2_ry_cx_ry",
  "sequences": [
    "CCCGCGGGCGCC",
    "GCCCCGCCGCGC",
    "GGGGGGCCCCGC",
    "CGCGGGCGCCGC",
    "CCCCGGGCCGGG",
    "CCCGCGCCCCCC",
    "CGCGCGGCGCGC",
    "ATTTTAAATAAT",
    "ATAAATATTTTT",
    "TAATTTTATTAT",
    "AATTAATTTTAT",
    "TATTATTTTTTT",
    "AAAAATAAATAA",
    "TAAAATTTATTA",
    "GCGCGGATAGGA",
    "CCCGAGCAATTG",
    "CCTTTGTTAGCA",
    "AGCGAGCAGTTC",
    "ATCATCCTTAGC",
    "TGGTCTTGAACC"
  ],
  "seq_labels": [
    "high_gc",
    "high_gc",
    "high_gc",
    "high_gc",
    "high_gc",
    "high_gc",
    "high_gc",
    "low_gc",
    "low_gc",
    "low_gc",
    "low_gc",
    "low_gc",
    "low_gc",
    "low_gc",
    "mixed",
    "mixed",
    "mixed",
    "mixed",
    "mixed",
    "mixed"
  ],
  "gc_contents": [
    1.0,
    1.0,
    1.0,
    1.0,
    1.0,
    1.0,
    1.0,
    0.0,
    0.0,
    0.0,
    0.0,
    0.0,
    0.0,
    0.0,
    0.6666666666666666,
    0.5833333333333334,
    0.4166666666666667,
    0.5833333333333334,
    0.4166666666666667,
    0.5
  ],
  "transpiled_depths": [
    52,
    52,
    52,
    52,
    52,
    52,
    52,
    52,
    52,
    52,
    52,
    52,
    52,
    52,
    52,
    52,
    52,
    52,
    52,
    52
  ],
  "aer_reference": {
    "features_shape": [
      20,
      69
    ]
  },
  "baseline": {
    "job_id": "d6qeh8nr88ds73dca350",
    "exec_seconds": 46.80478835105896,
    "mean_cosine": 0.9899180170678109,
    "std_cosine": 0.0021146868475268423,
    "min_cosine": 0.9854523088693107,
    "max_cosine": 0.9937883706886268,
    "success_95": true,
    "by_group": {
      "high_gc": {
        "mean": 0.9877687018020741,
        "std": 0.0010677798182838762,
        "n": 7
      },
      "low_gc": {
        "mean": 0.9913662810881803,
        "std": 0.0008295951799827124,
        "n": 7
      },
      "mixed": {
        "mean": 0.9907359101874064,
        "std": 0.0020658520244320002,
        "n": 6
      }
    },
    "cosines": [
      0.9879560699826156,
      0.9877414078104733,
      0.9854523088693107,
      0.9878525783882883,
      0.9877387225214932,
      0.989245074946289,
      0.9883947500960492,
      0.9899134796660485,
      0.991804094609581,
      0.9906348830672997,
      0.9916167901496095,
      0.9927081180567496,
      0.9912139584542563,
      0.9916726436137172,
      0.9881430279002863,
      0.9915758995619446,
      0.9879507904137987,
      0.9937883706886268,
      0.991480544359019,
      0.991476828200763
    ]
  },
  "error_mitigated": {
    "job_id": "d6qehkbopkic73fhv1o0",
    "exec_seconds": 60.9503448009491,
    "mean_cosine": 0.9926421352093582,
    "std_cosine": 0.0012571047607900872,
    "min_cosine": 0.9892820503521963,
    "max_cosine": 0.9946317710013519,
    "success_97": true,
    "dd_sequence": "XY4",
    "twirling": "gate+measure",
    "by_group": {
      "high_gc": {
        "mean": 0.992476048752354,
        "std": 0.0011608808903028844,
        "n": 7
      },
      "low_gc": {
        "mean": 0.9925439956106415,
        "std": 0.0005578943601482841,
        "n": 7
      },
      "mixed": {
        "mean": 0.9929503989410327,
        "std": 0.001787145856213261,
        "n": 6
      }
    },
    "cosines": [
      0.9929553054593722,
      0.9935920970050016,
      0.9909109923630165,
      0.991526698211487,
      0.9915159353437248,
      0.9924358479230166,
      0.9943954649608595,
      0.9917617277494406,
      0.9929420400480649,
      0.992736316148734,
      0.9928486604660532,
      0.9928559991309488,
      0.9915930421114566,
      0.9930701836197922,
      0.9892820503521963,
      0.9932887362575099,
      0.9924194160054478,
      0.9946317710013519,
      0.9938080924551599,
      0.9942723275745308
    ]
  },
  "improvement": {
    "delta_cosine": 0.0027241181415472715,
    "relative_pct": 27.019666268724638
  }
}